TB008,Таблетки Леденцы Доктор Мом mini 1/3 В,Леденцы Доктор Мом 3кг Таблетки,84
TB008,Таблетки Леденцы Доктор Мом mini 1/3 В,Леденцы Доктор Мом 500г*5 Таблетки,81
S178,Доктор Мом (ФЛАКОН) фас.1кг/5шт/5 М,Доктор Мом (гипоаллергенный) ГОСТ 1кг СНИЖЕНА ЦЕНА,52
S252,"Доктор Мом (ФЛАКОН) фас. 200г/18шт/3,6 М",Доктор Мом (гипоаллергенный) ГОСТ 200г  СНИЖЕНА ЦЕНА,49
T502*,"Леденцы Доктор Мом фас.500г/5шт/2,5 Б",Доктор Мом (Леденцы) 500г СНИЖЕНА ЦЕНА,68
T302,"Леденцы Доктор Мом фас.300г/6шт/1,8 В",Доктор Мом (Леденцы) 300г/6шт СНИЖЕНА ЦЕНА  под заказ,67
TB008,Таблетки Леденцы Доктор Мом mini 1/3 В,"Таблетки / ""Леденцы Доктор Мом"" /Т250",77
S069,"Доктор Мом (ФЛАКОН) 1/5,5 М","Таблетки / ""Доктор Мом"" (флакон)",67
TB008,Таблетки Леденцы Доктор Мом mini 1/3 В,"Таблетки / ""Доктор Мом"" 1*6  /D300/ АКЦИЯ",67
D057,Доктор Мом (ш/б для Тандера) 1/8 М,"Таблетки / ""Доктор Мом"" 1*6 /D300/ ФЕДЕРАЛЬНАЯ АКЦИЯ СЭР",56
TB008,Таблетки Леденцы Доктор Мом mini 1/3 В,"Таблетки / ""Доктор Мом"" 1*6 /D300/ЖЦ СЭР",68
TB008,Таблетки Леденцы Доктор Мом mini 1/3 В,"Таблетки / 250 г ""Доктор Мом"" /D300/",68
TB008,Таблетки Леденцы Доктор Мом mini 1/3 В,"Таблетки / 250г ""Доктор Мом"" СФ",62
TB008,Таблетки Леденцы Доктор Мом mini 1/3 В,"Таблетки / 500г ""Леденцы Доктор Мом"" /Т200/",75
